{"X_removed": [[10.14, 65.9, 3010.28230905412, 99.7391063720765, 79.0460039994624], [1.75, 65.1, 2652.56976446492, 71.6201780347493, 74.3107326159596], [1.52, 64.7, 2640.95504894384, 42.119056134455, 39.6816500666237], [2.44, 62.0, 2755.96438172043, 48.4498421672458, 46.389951264803], [1.79, 61.4, 2726.82546145494, 49.1024303035282, 47.6415196603152], [1.75, 66.5, 2620.88815789473, 49.3765790088496, 59.9377147586639], [1.59, 64.1, 2727.38722048882, 57.4442434940055, 68.2079378927728], [5.19, 59.4, 2943.19058641975, 73.7532048405275, 83.6900171040243], [2.07, 62.2, 2677.85369774919, 78.1146418910644, 72.5673318556664], [2.1, 63.0, 2673.94179894179, 31.5836608325133, 48.2832992265918], [2.38, 64.5, 2641.79586563307, 28.3999787376188, 45.6923408795818], [10.26, 56.8, 3019.87052523474, 86.6903450591221, 93.9755990023145], [2.21, 68.9, 2487.41382438316, 44.293390755662, 33.0195994118913], [1.88, 68.3, 2613.05057345046, 56.0146297938593, 35.0380673547288], [1.63, 67.2, 2568.74689980158, 48.812809643408, 32.9022436215303], [10.13, 65.8, 2813.48942502532, 92.1553323572105, 57.1225096935059], [5.18, 66.8, 2721.3931511976, 36.2175848109455, 47.5048302023834]], "y_removed": [9.494, 8.6, 8.36, 8.36, 8.4, 8.28, 8.37, 8.37, 8.69, 7.78, 7.67, 8.55, 8.51, 8.67, 8.61, 7.89, 7.55]}